ID,Group,Feature_1,Feature_2,Feature_3
ID001,C,2508.787781449148,388.3565479403579,-2120.4312335087902
ID002,B,2525.459947843727,382.8203966205803,5050.919895687454
ID003,B,2667.3711367947058,393.71515411120083,5334.7422735894115
ID004,A,2575.5439637289073,408.4346012691193,5684.458884841126
ID005,C,2536.025082205306,412.1596494620309,-2123.865432743275
ID006,A,2469.1351139566395,402.661598370033,5394.097350019753
ID007,A,2518.9138365409713,402.7237482558458,5543.1227683436855
ID008,A,2303.283343729309,380.27411203920957,5008.479470991879
ID009,B,2223.6447026436517,415.97562256106426,4447.289405287303
ID010,C,2438.5806119654335,404.5074945922929,-2034.0731173731406
ID011,C,2285.8175099598407,405.5077562936441,-1880.3097536661967
ID012,A,2451.5525685651774,376.2580824605881,5473.367293392592
ID013,B,2682.976812901825,423.4148535192198,5365.95362580365
ID014,C,2448.8873125185064,395.4582724835857,-2053.429040034921
ID015,C,2663.9157059155273,391.5762905233158,-2272.3394153922113
ID016,B,2415.1895044221965,409.44493228520145,4830.379008844393
ID017,C,2301.857614896043,367.9284638111389,-1933.9291510849039
ID018,B,2656.4146210598474,389.76969307771316,5312.829242119695
ID019,B,2333.0482885158935,406.5714136416182,4666.096577031787
ID020,C,2490.435007782002,410.9618088970668,-2079.473198884935
ID021,B,2602.4516023620413,409.3176490411021,5204.903204724083
ID022,B,2519.7408444349176,402.9689704255625,5039.481688869835
ID023,C,2428.868051869051,369.1571171245265,-2059.710934744525
ID024,A,2775.663548587956,384.0318604776351,6406.831343375692
ID025,B,2435.931172649243,412.10828192618874,4871.862345298486
ID026,C,2543.3247406854753,428.42857797081837,-2114.896162714657
ID027,B,2528.2346255612097,384.20704689608317,5056.469251122419
ID028,A,2429.7604167588265,397.3240269584962,5302.661115483998
ID029,B,2652.2822257284693,418.4476924731545,5304.5644514569385
ID030,B,2546.369091304181,421.8833327734992,5092.738182608362
ID031,B,2621.6682409943933,409.13641952523096,5243.3364819887865
ID032,C,2493.2138442243204,405.32227095792206,-2087.891573266398
ID033,C,2540.7381538665886,376.60759082421384,-2164.130563042375
ID034,B,2273.006334213334,417.96835066866265,4546.012668426668
ID035,A,2450.9075536657638,389.4811308868415,5405.317006563084
ID036,C,2294.0280102816578,402.5666346186065,-1891.4613756630513
ID037,B,2475.694710776242,400.5603338463081,4951.389421552484
ID038,C,2500.1649400049214,379.24025775436104,-2120.92468225056
ID039,C,2458.122544535992,398.4577513807424,-2059.6647931552493
ID040,B,2395.77878444044,373.0125423416325,4791.55756888088
ID041,A,2591.9127609492143,379.325028872312,5879.113138486083
ID042,C,2491.9707031366606,407.2879824584897,-2084.682720678171
ID043,A,2542.307221728222,379.59235057973075,5728.959912286012
ID044,A,2499.266555694487,413.29583274115595,5431.320503377682
ID045,C,2584.243975832669,379.8111747469623,-2204.4328010857066
ID046,B,2552.863890596319,420.7335437480544,5105.727781192638
ID047,C,2686.8511141813356,437.53730821163606,-2249.3138059696994
ID048,C,2461.7083142155816,409.59569887227724,-2052.1126153433042
ID049,C,2444.445774874398,391.81987997984015,-2052.625894894558
ID050,A,2719.048433912374,378.7037908444075,6263.6263475150845
ID051,A,2406.446504472744,381.35477456014286,5312.565640617518
ID052,A,2366.8159832680544,390.3646705782689,5148.6245969128195
ID053,B,2720.6402032033457,401.8372269744068,5441.280406406691
ID054,B,2437.7595200413925,409.7097778772295,4875.519040082785
ID055,B,2720.8395800221365,389.6149390288654,5441.679160044273
ID056,A,2439.7278694703377,403.9470144738267,5299.448536041879
ID057,C,2518.225318815502,385.34639634152296,-2132.878922473979
ID058,C,2426.9507293643833,402.97533569671384,-2023.9753936676693
ID059,A,2906.3516838716205,375.6633005388128,6840.738548920797
ID060,C,2656.3160026616733,397.3200169005635,-2258.9959857611098
ID061,B,2474.083683827903,390.1044954071614,4948.167367655806
ID062,C,2608.9798270719516,376.29128974126394,-2232.6885373306877
ID063,B,2420.597113093564,398.45990051539917,4841.194226187128
ID064,A,2509.2546275031905,399.06505578290074,5532.438603595067
ID065,C,2402.236240048463,388.42830445035327,-2013.80793559811
ID066,A,2592.536773933464,388.22035819187687,5836.508530841007
ID067,A,2616.4990518211066,402.9110317878353,5834.941996524143
ID068,A,2462.5673618749547,395.1767576677016,5411.818297286356
ID069,A,2780.223049406932,403.4684794387416,6323.326751027089
ID070,B,2306.1082828358903,414.5741926216609,4612.216565671781
ID071,A,2655.834972000761,419.4473866788681,5870.267982607942
ID072,C,2623.245198041202,432.150467063277,-2191.094730977925
ID073,B,2606.0947967813963,392.8986012121846,5212.189593562793
ID074,A,2277.913186693628,406.8135803846325,4799.671658157722
ID075,B,2605.167989229731,416.3104654301333,5210.335978459462
ID076,A,2497.559354332426,402.34485011377393,5480.953812428408
ID077,B,2580.462672205952,399.9908303622307,5160.925344411904
ID078,C,2493.754547710394,405.83620562473345,-2087.9183420856607
ID079,B,2413.157645612714,385.83016442309344,4826.315291225428
ID080,B,2512.8918007958687,401.4091054383934,5025.783601591737
ID081,B,2187.4663584969994,428.99417759566813,4374.932716993999
ID082,A,2694.6422980177927,403.21756796107184,6067.839054248019
ID083,B,2720.4335944208806,401.6552538112945,5440.867188841761
ID084,C,2436.5521734733748,381.86714181489606,-2054.6850316584787
ID085,B,2706.0785454113307,379.5780403472172,5412.157090822661
ID086,B,2511.38265799243,387.1301326886313,5022.76531598486
ID087,A,2334.285007731145,414.6357607014935,4929.676219685967
ID088,B,2485.443994765287,396.0359787019601,4970.887989530574
ID089,B,2371.1142575205668,413.9048008773891,4742.2285150411335
ID090,A,2400.378297377147,378.4462631520998,5308.9035763709435
ID091,C,2409.8011213762265,391.1945599586602,-2018.6065614175664
ID092,C,2377.7592192384272,381.83713617933705,-1995.9220830590903
ID093,C,2442.7544568848043,390.0107051697724,-2052.743751715032
ID094,B,2459.772934269794,374.0133292335061,4919.545868539588
ID095,B,2411.667095012524,379.2058372753536,4823.334190025048
ID096,C,2597.7019116746087,390.63130412092437,-2207.0706075536846
ID097,A,2667.4844030832155,391.0242054422602,6047.332182038345
ID098,A,2748.9831055295963,397.80358471700345,6257.9313930037715
ID099,C,2370.73243589052,412.2268466677834,-1958.5055892227365
ID100,B,2307.242835854601,379.6262640427968,4614.485671709202
ID101,A,2610.4979071396556,424.1384528276613,5710.8014572806605
ID102,C,2200.2862689793046,420.07685007335,-1780.2094189059546
ID103,C,2534.187882905246,402.19705467425655,-2131.99082823099
ID104,C,2463.22078859268,410.5503080711438,-2052.6704805215363
ID105,A,2702.2571266859964,407.848315042516,6067.52980484541
ID106,C,2336.229421915276,399.6401695719346,-1936.5892523433413
ID107,A,2657.687697590072,403.4182186151193,5955.971999694619
ID108,B,2697.536366688022,409.95534310626783,5395.072733376044
ID109,C,2412.3595034403993,399.21635781268066,-2013.1431456277187
ID110,B,2445.158061863017,413.19533150199834,4890.316123726034
ID111,B,2579.9177735844205,448.163931012146,5159.835547168841
ID112,A,2380.535417451183,405.25934812504084,5115.309511728345
ID113,C,2570.6265502081283,390.4569997285729,-2180.1695504795553
ID114,B,2521.585664682309,403.37274204116744,5043.171329364618
ID115,B,2384.404034870909,404.19905411745845,4768.808069741818
ID116,B,2452.7837869602645,405.25471977130593,4905.567573920529
ID117,B,2555.393391210598,411.9919678262711,5110.786782421196
ID118,B,2794.884347019768,366.38189475464526,5589.768694039536
ID119,A,2574.96720630567,396.5729524331662,5742.03685675118
ID120,A,2648.048974274871,369.26973682656075,6097.798238691809
ID121,B,2374.300818523687,410.0457804023025,4748.601637047374
ID122,C,2251.9345798681934,399.4935669923264,-1852.441012875867
ID123,B,2510.6580877104875,372.6598888109326,5021.316175420975
ID124,A,2507.9960763642207,388.5549850784544,5581.21330370039
ID125,B,2618.3111918370505,394.84829413258024,5236.622383674101
ID126,A,2438.688385233227,397.42565325773813,5328.936889410991
ID127,A,2313.595513423858,412.2181643078646,4879.695718732251
ID128,A,2610.218793992738,414.23833085660937,5759.464727695167
ID129,A,2416.4906221136407,411.29733597488007,5192.985186466522
ID130,B,2430.286964454762,407.91340880762874,4860.573928909524
ID131,A,2676.889555996922,397.2229875848338,6044.5537300665965
ID132,B,2408.7334728559445,381.3771336902846,4817.466945711889
ID133,A,2110.345952652018,408.55826318430525,4288.246542034527
ID134,B,2563.6601460032516,413.3407833145773,5127.320292006503
ID135,B,2513.464384887532,403.14788947244136,5026.928769775064
ID136,C,2675.9819844557856,397.8515767219139,-2278.130407733872
ID137,B,2494.654353837813,383.04877854430015,4989.308707675626
ID138,A,2561.253431710515,420.89562142634145,5579.282187999838
ID139,C,2370.137980211974,385.6915981345046,-1984.4463820774695
ID140,C,2560.3333405291987,414.3864757281759,-2145.946864801023
ID141,B,2647.2138974756076,427.8359055824396,5294.427794951215
ID142,C,2755.7932291246493,408.8100377809911,-2346.9831913436583
ID143,C,2342.6703237711854,392.5822386126459,-1950.0880851585396
ID144,A,2435.3054125016397,406.61125571795856,5272.859958915126
ID145,C,2600.574703713167,386.5715314692995,-2214.0031722438675
ID146,A,2600.6180394464104,410.0431428123338,5751.638404277563
ID147,B,2408.1784989542434,427.3675655282402,4816.356997908487
ID148,A,2723.6296007967826,410.82309471288755,6116.77332882591
ID149,B,2588.99355516549,407.1930212325972,5177.98711033098
ID150,C,2452.3348600112054,407.89511048790496,-2044.4397495233004
ID151,C,2394.0932879098054,371.5765253609602,-2022.5167625488452
ID152,A,2724.641597109469,408.5168279707981,6131.3406514744165
ID153,B,2403.455525308716,400.2967451229686,4806.911050617432
ID154,A,2436.268043833978,406.00032740418163,5278.802494481026
ID155,B,2475.5251548020456,413.91428084634515,4951.050309604091
ID156,C,2661.9976802073534,415.8424534094824,-2246.155226797871
ID157,B,2725.669840305056,401.23791523989024,5451.339680610112
ID158,C,2718.5378361097837,400.2775345546962,-2318.2603015550876
ID159,A,2313.0394608913975,401.91463500285226,4929.545207659931
ID160,B,2624.241555227557,400.64541139684695,5248.483110455114
ID161,A,2564.9734778360394,381.492891919981,5787.455973908212
ID162,C,2420.717860933256,417.31058528260746,-2003.4072756506484
ID163,C,2490.5387110411493,394.7158904081843,-2095.822820632965
ID164,B,2795.366299696908,403.51562160736415,5590.732599393816
ID165,C,2520.6371803727247,408.6022346719586,-2112.034945700766
ID166,A,2413.7305160671035,390.8045563328334,5287.168766537143
ID167,A,2513.4480361304304,405.1940844297806,5514.373686242388
ID168,B,2954.9502713466254,389.24289727152205,5909.900542693251
ID169,B,2591.0863591221882,401.0444102498552,5182.1727182443765
ID170,A,2435.996027885051,389.59033574038483,5360.036404953229
ID171,C,2742.6275192276184,415.57962911480354,-2327.047890112815
ID172,C,2442.7368980968176,375.3584946173455,-2067.378403479472
ID173,C,2764.932042484628,391.5793457181567,-2373.352696766471
ID174,A,2584.9007708704426,392.08897116136075,5794.257456804524
ID175,C,2527.7647392862214,403.3286213493053,-2124.436117936916
ID176,B,2682.7908822564723,389.8496572362984,5365.581764512945
ID177,B,2354.428142139242,407.6865862753954,4708.856284278484
ID178,B,2684.2245497292747,413.2281571792829,5368.449099458549
ID179,B,2565.2178072702322,398.9192622123372,5130.4356145404645
ID180,A,2820.148270824641,397.8622909862822,6471.133357542512
ID181,A,2864.3176845176113,388.38668696794934,6651.019618713087
ID182,B,2384.7858521082035,421.805236750816,4769.571704216407
ID183,C,2519.6149201411695,419.2308485787941,-2100.3840715623755
ID184,C,2400.4491384866997,419.0322904553956,-1981.4168480313042
ID185,B,2394.386172879253,404.79959672584874,4788.772345758506
ID186,B,2499.1600826214067,380.23429095476087,4998.320165242813
ID187,A,2304.2764321844975,387.67493374278456,4974.45462783957
ID188,C,2594.4278959770513,418.84555609413405,-2175.582339882917
ID189,C,2611.0836390188315,398.47913090177394,-2212.604508117058
ID190,B,2470.9989333663384,401.21865134373206,4941.997866732677
ID191,A,2445.2138818780295,414.07152944290124,5265.2839984195825
ID192,A,2405.5992027414877,392.45459959394435,5254.524610254742
ID193,B,2608.9025643708505,386.7792535240207,5217.805128741701
ID194,A,2718.0702849289364,404.68871197682466,6130.7672949026855
ID195,C,2147.4148905492557,393.79255991012224,-1753.6223306391335
ID196,B,2609.8433904772464,392.1266754150237,5219.686780954493
ID197,A,2628.0397419661863,417.4394555495299,5796.92194815091
ID198,B,2430.8220434030623,396.97908616585556,4861.6440868061245
ID199,A,2593.6602680848664,421.29740946338154,5674.493756937692
ID200,B,2509.9704226956765,417.557393678326,5019.940845391353
ID201,B,2562.604908560772,388.7894743610469,5125.209817121544
ID202,A,2245.4404106060983,391.17760797032605,4780.433191966665
ID203,A,2574.006626389652,397.31518425720674,5735.443957882922
ID204,C,2505.1378088241045,417.22420550871226,-2087.9136033153923
ID205,C,2445.566994695075,397.7561227082057,-2047.8108719868696
ID206,B,2296.787737579647,403.2499543220478,4593.575475159294
ID207,B,2286.1271992493844,388.64132700694563,4572.254398498769
ID208,A,2708.473608762194,390.2510933048757,6174.1653597622035
ID209,C,2454.912940550607,381.5394489799864,-2073.3734915706204
ID210,C,2600.1043986144355,410.3512843622017,-2189.753114252234
ID211,B,2103.737133331099,405.40812376025383,4207.474266662198
ID212,C,2627.0251344983,397.6876485888561,-2229.337485909444
ID213,A,2366.95877671008,392.1063717754474,5140.344471253004
ID214,A,2726.007588746427,400.5150995483603,6175.447268497479
ID215,B,2306.9031204723215,408.8072363265487,4613.806240944643
ID216,A,2385.482341537559,358.723325736334,5362.830395931007
ID217,B,2591.1564492837574,406.8792487729592,5182.312898567515
ID218,A,2434.051441941252,389.67260096686647,5353.791320989424
ID219,B,2599.5439499595204,399.86287000901734,5199.087899919041
ID220,B,2685.906171530244,408.3617238893108,5371.812343060488
ID221,C,2345.4782990496333,403.8577472490889,-1941.6205518005445
ID222,C,2434.717647773475,413.0206569787201,-2021.696990794755
ID223,A,2484.398910289617,369.45456464289384,5605.923907654382
ID224,B,2468.4562793672408,398.43227046621985,4936.9125587344815
ID225,A,2556.4745483083925,378.817677261019,5775.335258620083
ID226,B,2463.2390114542936,398.8324795492219,4926.478022908587
ID227,A,2457.4810284733876,414.19705947841965,5301.457788028065
ID228,A,2657.1993520362835,415.2406767160076,5895.394672528813
ID229,A,2656.0323342747756,381.1216017014918,6062.488994316867
ID230,B,2438.938919243692,395.7674682581557,4877.877838487384
ID231,B,2321.6038072903943,410.4174021238399,4643.207614580789
ID232,A,2451.42020962555,405.3473315399373,5327.523971176963
ID233,B,2685.157800261742,398.68552651695165,5370.315600523484
ID234,B,2623.3630299039646,405.70320746032564,5246.726059807929
ID235,A,2742.8836684178614,403.2597903280641,6212.352053613265
ID236,B,2337.4047424218056,400.7128519127335,4674.809484843611
ID237,A,2433.3079311298843,376.8612934082463,5415.617326348422
ID238,B,2482.2213255050874,404.80744412574677,4964.442651010175
ID239,C,2539.215824130452,400.21245078788945,-2139.0033733425626
ID240,C,2429.733161522618,371.13581766168585,-2058.597343860932
ID241,A,2758.4386169662257,363.3117815574467,6458.756943111444
ID242,A,2534.186186942824,371.33146488591876,5745.901236398879
ID243,B,2539.897267914978,370.30138717065984,5079.794535829956
ID244,A,2533.741506330904,384.8614030103128,5676.917503941148
ID245,B,2357.5441592232287,413.91371325591257,4715.088318446457
ID246,B,2647.339625298916,386.52810463889716,5294.679250597832
ID247,C,2666.5328442726955,403.7650906892836,-2262.767753583412
ID248,A,2084.751473488286,407.864213073295,4214.933355098383
ID249,C,2395.6022790536254,407.2647802673701,-1988.3374987862553
ID250,A,2369.3827373642193,402.7402157046566,5094.447133569374
ID251,B,2578.834956677724,380.67331868788347,5157.669913355448
ID252,B,2539.516295060387,417.37151928003755,5079.032590120774
ID253,C,2372.651120679556,411.38217750495096,-1961.2689431746048
ID254,B,2419.2711698110634,385.41169590360664,4838.542339622127
ID255,B,2627.7795169985307,390.3573014235702,5255.559033997061
ID256,A,2686.5613722441813,375.84881131782225,6180.440060143433
ID257,B,2407.80616276417,396.7540920290519,4815.61232552834
ID258,B,2496.654644091504,415.64405926892033,4993.309288183008
ID259,A,2401.6440710686134,414.28203260456667,5133.522050183007
ID260,A,2419.059137195689,417.7661302477659,5168.346760348237
ID261,C,2257.353004063413,405.2446221409262,-1852.108381922487
ID262,B,2361.689454749592,398.03559603144635,4723.378909499184
ID263,C,2654.564611213862,382.2812014628165,-2272.2834097510454
ID264,C,2168.926583188671,368.63604055316785,-1800.2905426355032
ID265,B,2177.948408899162,414.760561555422,4355.896817798324
ID266,C,2333.2578304283343,411.6387088624426,-1921.6191215658916
ID267,C,2439.2494338890956,397.26312717986565,-2041.98630670923
ID268,A,2705.677563621914,397.9016252061826,6127.52456483483
ID269,A,2439.6716442872394,394.2485095769942,5347.772384976747
ID270,B,2417.453191788772,390.8632834664171,4834.906383577544
ID271,A,2557.826522651975,375.73134020908674,5794.822866910492
ID272,C,2349.6071593295846,409.4624332767745,-1940.1447260528103
ID273,C,2277.1975824966958,428.45057262752783,-1848.7470098691679
ID274,A,2505.0221075383147,432.6307833286939,5351.912405971475
ID275,C,2449.9100372077082,430.1634387702642,-2019.746598437444
ID276,A,2434.0831419711735,381.9895229636135,5392.301811095453
ID277,C,2640.657499320188,407.44681620596566,-2233.2106831142223
ID278,B,2718.8288560849883,404.5302707803507,5437.657712169977
ID279,A,2317.303210704286,417.2141935002197,4865.83866461176
ID280,B,2470.2208173678714,403.95904940972036,4940.441634735743
ID281,A,2525.324381713686,401.19062029122614,5570.020043684926
ID282,A,2570.650271597728,403.31801167783397,5695.360756404015
ID283,A,2641.2126925554603,387.2978981706391,5987.148586813186
ID284,C,2590.5525527477234,415.195057622614,-2175.3574951251094
ID285,C,2286.3324645469147,395.2888599822669,-1891.043604564648
ID286,B,2447.89043727717,386.80375218692444,4895.78087455434
ID287,B,2758.3026733878355,395.06206742868886,5516.605346775671
ID288,B,2163.4101666737065,409.1364157067558,4326.820333347413
ID289,A,2607.2659083799954,392.7751250131364,5857.922100074304
ID290,B,2468.2267310251805,379.3053559530236,4936.453462050361
ID291,C,2338.0062623848353,403.05679346365673,-1934.9494689211785
ID292,B,2374.127838381161,388.9422088206811,4748.255676762322
ID293,C,2243.2460018596375,399.1404654478247,-1844.1055364118129
ID294,A,2587.807382712177,387.81224723631203,5824.360911954971
ID295,A,2030.3629017721837,375.79432208977755,4212.117094867664
ID296,A,2220.4697980165633,417.89488454640906,4571.934971317644
ID297,A,2450.6158024643637,398.1181923588494,5361.256445598844
ID298,C,2407.2110958957533,368.5251195570481,-2038.6859763387051
ID299,C,2603.6685963354876,403.5972528793237,-2200.071343456164
ID300,A,2521.497884422201,416.1667831218314,5483.659737657446
ID301,C,2529.4522582780205,391.0226992315219,-2138.4295590464985
ID302,A,2392.77277754029,395.539527541342,5200.62069491416
ID303,C,2438.579733529922,382.7222488378578,-2055.857484692064
ID304,B,2394.536211824512,389.64660396761997,4789.072423649024
ID305,A,2684.3152210113985,395.65167710771783,6074.687277495606
ID306,C,2468.7732457785214,401.2798658844435,-2067.493379894078
ID307,B,2541.4397180021174,423.9920067746304,5082.879436004235
ID308,A,2048.0730570421747,406.4969749979009,4111.73429613702
ID309,B,2535.440107838233,405.77055241855044,5070.880215676466
ID310,B,2583.0016302705158,393.2200048513032,5166.0032605410315
ID311,B,2820.6405621286967,388.36012344420516,5641.2811242573935
ID312,A,2573.516920416285,403.6129008892748,5702.48625680248
ID313,C,2416.1410867109194,408.8552199922156,-2007.2858667187038
ID314,C,2416.42806154765,408.92659136103117,-2007.501470186619
ID315,A,2596.2047292833586,408.05530001864497,5748.337687756851
ID316,C,2557.679651164255,394.7350918800326,-2162.9445592842226
ID317,B,2397.03970167415,389.5348281275101,4794.0794033483
ID318,A,2484.704958377644,397.530739321985,5466.461178523006
ID319,A,2536.496425046548,402.83251532615776,5595.326698508856
ID320,A,2482.0018111704217,392.19943884059256,5485.008239308303
ID321,C,2520.2643484002533,411.1940805763944,-2109.070267823859
ID322,A,2309.430822986675,389.3301937350236,4981.641500284908
ID323,A,2746.016114062782,401.38439872453125,6231.126348565689
ID324,A,2507.1705324460722,416.6922856476659,5438.050169099886
ID325,B,2491.7575958932675,427.91575565273166,4983.515191786535
ID326,A,2425.402073597658,401.2130549613742,5270.140945986102
ID327,C,2567.0750471538836,379.8783623110842,-2187.196684842799
ID328,A,2379.4890141155774,380.5859439597879,5235.537322547792
ID329,A,2318.099668610445,389.9202965951339,5004.697522855666
ID330,B,2417.396699566512,422.69964517979497,4834.793399133024
ID331,B,2859.364042253913,413.1271130625437,5718.728084507826
ID332,C,2804.619457075756,407.21581379436174,-2397.4036432813946
ID333,A,2504.824805047062,406.79222332072874,5480.513298537542
ID334,A,2439.8555679297074,387.3702566515163,5382.71542053154
ID335,A,2599.315977628807,412.5875847344033,5735.010009214406
ID336,A,2541.6161349287504,391.91634329255646,5665.266688323469
ID337,A,2282.447671911136,407.89968636428165,4807.8445839119995
ID338,B,2595.8191719495444,423.75396145051855,5191.638343899089
ID339,C,2618.1395733383024,415.69019288331737,-2202.449380454985
ID340,A,2460.9662998089716,406.5803961282358,5349.996918785736
ID341,A,2307.806670497963,387.1781910916631,4987.529056035573
ID342,C,2560.641896177047,409.3814475476633,-2151.2604486293835
ID343,B,2241.4339779546135,435.42332344524135,4482.867955909227
ID344,B,2444.5549560840095,373.9554289850843,4889.109912168019
ID345,A,2602.444093969638,404.7738936771606,5783.4628135231105
ID346,B,2709.49405572633,401.4717071283889,5418.98811145266
ID347,B,2265.1451325970515,385.7009010863956,4530.290265194103
ID348,B,2562.0435035314463,407.1280427668043,5124.087007062893
ID349,B,2797.1151931949503,406.2597241863769,5594.230386389901
ID350,A,2501.080576070667,392.1785506782419,5542.348974820792
ID351,C,2717.9191200812056,421.39311341785856,-2296.5260066633473
ID352,B,2497.2154198363764,399.1350818450339,4994.430839672753
ID353,B,2473.1763960053795,401.82392274064193,4946.352792010759
ID354,A,2321.6603472537154,407.72569974450613,4926.352543038615
ID355,A,2498.8224014843026,391.15804189008094,5540.676995002503
ID356,A,2540.7881624700376,409.4048822773727,5575.340076023249
ID357,C,2438.1658270738194,401.94791490007833,-2036.217912173741
ID358,A,2593.314150250877,402.6812309863399,5766.536295820932
ID359,A,2390.3220235747003,392.5872474240135,5208.029833604033
ID360,C,2435.688517657594,376.8218147812478,-2058.866702876346
ID361,A,2105.1022174088616,407.52921282822564,4277.660588085457
ID362,B,2599.657310688166,413.17706065181477,5199.314621376332
ID363,C,2562.336762776732,393.3692771549751,-2168.967485621757
ID364,C,2750.8692486238833,380.85144688598757,-2370.0178017378958
ID365,A,2468.2987678267473,404.90839231792484,5380.354341890617
ID366,A,2406.5628672469447,377.6259104154514,5331.559049663577
ID367,B,2529.3398390727148,388.1491825711985,5058.6796781454295
ID368,C,2635.4774431269766,394.35047102055876,-2241.1269721064177
ID369,A,2628.038835855704,362.0757645039139,6073.737685047542
ID370,B,2844.289999297909,412.931728110732,5688.579998595818
ID371,A,2340.4914034758913,388.86938426884876,5077.12728908343
ID372,B,2440.740200016481,424.1823324141158,4881.480400032962
ID373,A,2263.313781162255,420.30676042363496,4688.407541368591
ID374,A,2436.6100575076925,384.3935841558752,5387.862251743702
ID375,C,2392.4887717793404,379.09596634552423,-2013.3928054338162
ID376,B,2623.823958661354,394.3602251198267,5247.647917322708
ID377,C,2200.5974340041653,415.2749231993532,-1785.322510804812
ID378,B,2485.956930654942,405.4678475635476,4971.913861309884
ID379,C,2688.451714672141,395.9073081754446,-2292.5444064966964
ID380,B,2383.02638537107,415.9104837243891,4766.05277074214
ID381,B,2496.494488707075,406.27911795193995,4992.98897741415
ID382,C,2491.4469459724914,416.120996677105,-2075.3259492953866
ID383,B,2540.2685165967987,418.69134610424106,5080.537033193597
ID384,B,2510.0476787834145,396.3944298780845,5020.095357566829
ID385,A,2722.5636672287337,385.2878097937015,6241.251952717694
ID386,B,2295.9816498294044,420.70631433793113,4591.963299658809
ID387,C,2307.8201493692777,404.94558795918175,-1902.874561410096
ID388,C,2210.532491201841,421.6607405158631,-1788.8717506859778
ID389,C,2214.1126567784368,443.597087506924,-1770.5155692715127
ID390,C,2654.6563057732587,419.9403299800776,-2234.7159757931813
ID391,B,2577.4513092533875,392.90184221117215,5154.902618506775
ID392,A,2585.1699023981296,397.9984486891874,5765.517463748452
ID393,C,2583.3031607913645,371.4604398220979,-2211.8427209692663
ID394,A,2621.9995171406063,407.39204910469425,5829.038305898348
ID395,B,2547.7621264700547,394.4730379393616,5095.524252940109
ID396,C,2630.991561238356,380.16585146954486,-2250.825709768811
ID397,B,2468.715755396439,415.05219157575976,4937.431510792878
ID398,C,2446.775856960297,406.1332299698186,-2040.6426269904784
ID399,A,2444.0012820276365,409.96099419506555,5282.198875107581
ID400,C,2799.3955785987578,415.5789809604963,-2383.8165976382616
ID401,A,2324.910341017003,377.4876329853514,5087.292858124251
ID402,C,2720.0164758815476,393.00582155300174,-2327.010654328546
ID403,A,2413.23335050618,403.4074961534552,5222.662570751265
ID404,B,2361.382816442226,422.25272386357614,4722.765632884452
ID405,A,2787.2588579090607,388.9953500565987,6416.799823444188
ID406,A,2416.139514289622,392.771241637669,5284.562334680522
ID407,A,2591.5812024730308,418.17513587926976,5683.8679280227425
ID408,B,2397.250683454919,420.0569083801268,4794.501366909838
ID409,A,2538.9045426702505,411.7592811182393,5557.917222419555
ID410,A,2814.0524883184403,381.68232286086777,6533.745850650981
ID411,A,2506.4710570090756,392.46921009849075,5557.0671205347735
ID412,A,2623.9819652797128,418.0470599600563,5781.710596038857
ID413,A,2670.2851166807372,416.98075973818317,5925.951551351296
ID414,A,2643.1233093979235,389.4318449021575,5982.210703682983
ID415,B,2571.5442377051086,397.14152031841917,5143.088475410217
ID416,C,2426.5754640123705,403.86981009887444,-2022.705653913496
ID417,C,2657.677864262378,405.03268441109805,-2252.64517985128
ID418,B,2632.943097038342,420.85228101347843,5265.886194076684
ID419,A,2424.6481612905122,377.52506640184833,5386.319151862295
ID420,B,2371.010493949983,431.4376574066591,4742.020987899966
ID421,C,2726.984462365236,369.20174929373627,-2357.7827130715
ID422,C,2313.0803427751157,395.530499506748,-1917.5498432683676
ID423,B,2552.681060607667,379.3669717764674,5105.362121215334
ID424,C,2607.269442566613,383.81123379331865,-2223.4582087732947
ID425,A,2560.757449147154,406.19249300066133,5651.309882438156
ID426,B,2282.248777266982,405.80540446822926,4564.497554533964
ID427,A,2312.5399091594486,407.04192030970336,4902.4101259298295
ID428,B,2712.6766040051325,402.34860060241004,5425.353208010265
ID429,C,2480.3541269716798,389.5808792203034,-2090.7732477513764
ID430,C,2384.5823182919494,420.96858201046547,-1963.6137362814839
ID431,A,2635.9544483790164,378.15097011105536,6017.108494581773
ID432,B,2648.314452008688,392.55333847342644,5296.628904017376
ID433,B,2409.220913410469,405.41042075041656,4818.441826820938
ID434,C,2681.5290046772684,400.9048057093463,-2280.624198967922
ID435,A,2441.962395794622,401.2258648863958,5319.757862951887
ID436,B,2211.9996623131465,413.3275190598865,4423.999324626293
ID437,A,2587.293039744512,410.81107982365455,5707.823720115262
ID438,C,2543.4632669643897,391.3479273675709,-2152.115339596819
ID439,A,2501.6903853391022,394.93452435342965,5530.398534250158
ID440,A,2463.7374544075024,394.58787377084536,5418.27299436828
ID441,A,2352.2001281845437,380.72157461971244,5152.992511455068
ID442,A,2582.1579283113847,421.0043426773117,5641.452071547596
ID443,A,2712.1137528929303,397.86312623687905,6147.025627494396
ID444,A,2614.5512133922143,406.61101915455305,5810.598544403877
ID445,C,2335.2957116483185,407.4351974613342,-1927.8605141869843
ID446,C,2825.111538894852,401.88364474997746,-2423.2278941448744
ID447,C,2692.9525073565937,393.59954975638755,-2299.352957600206
ID448,C,2620.5109346924414,377.49872370632016,-2243.0122109861213
ID449,B,2621.008943247847,407.62277190405405,5242.017886495694
ID450,C,2440.087373726139,390.80322244501104,-2049.284151281128
ID451,C,2434.2001290485887,384.565309486261,-2049.6348195623277
ID452,A,2517.8807925871465,400.7039196954257,5550.122779284311
ID453,A,2375.9165035000647,383.41209781962107,5210.68902140209
ID454,C,2460.097031815304,399.72552548208347,-2060.3715063332206
ID455,C,2427.379093995791,410.84372800734843,-2016.5353659884427
ID456,B,2477.9773103094194,381.49120495815237,4955.954620618839
ID457,C,2462.333241106819,410.552806194855,-2051.780434911964
ID458,B,2630.264472522341,387.0843491694428,5260.528945044682
ID459,A,2360.4784951879074,435.623653166838,4903.317219729532
ID460,A,2658.705964598854,373.567164230656,6108.282072643282
ID461,A,2335.2239966284724,410.67552049193563,4952.294387425739
ID462,A,2734.136851309243,375.2306953657621,6326.25707709892
ID463,A,2416.0363265288183,407.329885780077,5211.4595506860705
ID464,C,2396.8187315935693,396.67204816766395,-2000.1466834259054
ID465,C,2462.314761021604,386.6843699409116,-2075.630391080693
ID466,C,2405.076444442024,401.63359617710137,-2003.4428482649223
ID467,C,2441.580630888286,433.07789387937,-2008.502737008916
ID468,C,2240.923182598768,423.3958906619117,-1817.5272919368563
ID469,B,2419.2354162391084,391.92748346277136,4838.470832478217
ID470,A,2682.9537633825025,404.3095884641613,6027.313347826701
ID471,C,2566.4106326580204,361.8512641021216,-2204.559368555899
ID472,B,2345.724850804617,398.73519892772146,4691.449701609234
ID473,A,2473.728351799519,392.48860110780237,5458.742049859545
ID474,A,2725.9314890848855,397.6370137819052,6189.60939834513
ID475,C,2558.5616511167095,398.21747399070426,-2160.3441771260054
ID476,B,2388.4938173395763,405.0774757267656,4776.9876346791525
ID477,B,2322.981903071785,417.9391572116794,4645.96380614357
ID478,C,2359.221532946716,415.452268526327,-1943.769264420389
ID479,C,2590.1078652411197,405.3929178258834,-2184.7149474152366
ID480,B,2411.424125343158,406.19437571735114,4822.848250686316
ID481,B,2571.57363698778,377.69876017146044,5143.14727397556
ID482,C,2524.6241915712694,397.5334672450163,-2127.090724326253
ID483,C,2573.5740180476514,385.4182210198316,-2188.15579702782
ID484,A,2519.071315270916,397.34791104848176,5570.474390570339
ID485,A,2716.515207525141,424.9474824901015,6024.808210124915
ID486,C,2652.5712368983973,374.444563275392,-2278.1266736230054
ID487,C,2279.188925432006,408.398808048134,-1870.7901173838718
ID488,B,2469.430347235601,385.0797820831402,4938.860694471202
ID489,A,2397.723903857575,391.8693460752786,5233.8249811963315
ID490,B,2429.5506143635594,418.2244398116905,4859.101228727119
ID491,C,2520.366353544132,383.7133436975368,-2136.653009846595
ID492,A,2643.6531307172204,399.8370303344316,5931.774240479503
ID493,B,2436.7052597872075,396.92716311049224,4873.410519574415
ID494,A,2614.4623511478367,410.0418204530421,5793.1779511783
ID495,A,2714.7345149889793,400.9645278752715,6139.380905590581
ID496,B,2799.502193751885,417.11258134488816,5599.00438750377
ID497,C,2354.8041310338076,383.66946908356636,-1971.1346619502413
ID498,C,2249.2780534375365,405.1437145899262,-1844.1343388476103
ID499,B,2697.1934202940756,400.9043203143465,5394.386840588151
ID500,A,2603.8048092754643,397.44548797540733,5824.186987949356
ID501,A,2672.7206144875727,387.5957457129352,6080.183114898042
ID502,B,2772.1083954906417,392.5172747617949,5544.216790981283
ID503,C,2378.9879902021585,394.3589726623103,-1984.629017539848
ID504,B,2404.700850749138,392.2610354325225,4809.401701498276
ID505,A,2261.2641957763885,394.9402842862732,4809.0911658978
ID506,C,2357.136167609221,418.9455329144986,-1938.1906346947226
ID507,C,2293.669531381689,404.75037608420666,-1888.9191552974823
ID508,A,2306.6241922359004,402.1757427104239,4908.9938631555815
ID509,C,2452.1909094202124,374.208368071851,-2077.9825413483613
ID510,C,2579.5513279142197,391.87924363352704,-2187.6720842806926
ID511,A,2296.6738941772637,388.1778704403519,4949.132330330031
ID512,B,2511.807350050991,404.19850371107276,5023.614700101982
ID513,B,2224.1346124883416,411.20894706632026,4448.269224976683
ID514,A,2590.996885177124,404.0874188218041,5752.553561422352
ID515,B,2192.5159865090873,392.11677547140056,4385.0319730181745
ID516,B,2404.123423230544,372.39632192968014,4808.246846461088
ID517,C,2488.4430520054407,396.05601996483495,-2092.387032040606
ID518,B,2500.613198624267,406.3775329017882,5001.226397248534
ID519,A,2483.8256776425965,404.75994619843607,5427.677301935609
ID520,C,2603.1820370488804,410.2746373423039,-2192.9073997065766
ID521,B,2627.67424083091,418.1810207136462,5255.34848166182
ID522,C,2283.096738999785,389.5231748648395,-1893.5735641349454
ID523,B,2574.7594804060927,408.2248639386711,5149.5189608121855
ID524,B,2482.7325026467847,401.0260502535379,4965.465005293569
ID525,A,2603.1283443082048,405.87241974042513,5780.022934222488
ID526,B,2421.6920027801293,378.61056934511583,4843.384005560259
ID527,A,2487.100451464876,396.9764291132183,5476.419208828538
ID528,C,2495.9138868812183,422.9486399328866,-2072.9652469483317
ID529,B,2291.959890190566,408.4906447669922,4583.919780381132
ID530,C,2461.869095109002,392.1935186686333,-2069.675576440369
ID531,C,2479.033756010627,378.4650874385598,-2100.568668572067
ID532,B,2487.484542388469,380.0332171486059,4974.969084776938
ID533,A,2424.435488369053,394.0928836257101,5302.842046978609
ID534,C,2612.050811244738,403.74673735654113,-2208.304073888197
ID535,B,2698.8216940991038,393.6873487412779,5397.6433881982075
ID536,A,2522.731706635969,386.8582336938813,5633.903951438501
ID537,C,2655.6783167176595,414.06246746152004,-2241.6158492561394
ID538,C,2475.5579865527957,377.8586263304996,-2097.699360222296
ID539,B,2510.7391086489465,408.5267558755193,5021.478217297893
ID540,C,2510.165907718719,381.76840666983117,-2128.397501048888
ID541,C,2467.784549472646,387.0172409995858,-2080.7673084730604
ID542,B,2402.5501512471965,397.4011777208503,4805.100302494393
ID543,C,2318.549311278657,416.3768162218226,-1902.1724950568346
ID544,C,2432.8509505674356,404.10492861346097,-2028.7460219539746
ID545,C,2662.4455966249066,384.6586875191377,-2277.7869091057687
ID546,C,2311.997138496446,394.5168690314129,-1917.4802694650332
ID547,A,2174.1260845549737,380.7927063976936,4618.414721676453
ID548,B,2482.961784980728,404.40903374192385,4965.923569961456
ID549,C,2284.49118082877,418.2686767503566,-1866.2225040784137
ID550,C,2379.527603137203,417.45666188619583,-1962.0709412510073
ID551,B,2538.573185058803,417.4362449664475,5077.146370117606
ID552,B,2409.9243163541983,371.04174731581236,4819.8486327083965
ID553,B,2266.196478135707,384.00290417883116,4532.392956271414
ID554,C,2596.334438106702,387.0792589686207,-2209.255179138081
ID555,A,2378.9573536535613,385.8463215471998,5207.640453224685
ID556,C,2701.1874538745205,395.92589990551477,-2305.261553969006
ID557,C,2325.3836356737906,383.55471855317813,-1941.8289171206125
ID558,C,2573.0179132654025,386.4747641564202,-2186.543149108982
ID559,C,2580.91171751561,396.9441325366345,-2183.967584978975
ID560,C,2540.848509185531,399.746168964884,-2141.102340220647
ID561,A,2528.5606799945895,417.81263252619226,5496.618877352807
ID562,B,2422.716664797915,402.6363593927725,4845.43332959583
ID563,C,2404.783177830116,387.43714174181054,-2017.3460360883055
ID564,C,2270.315698254678,420.9875150588415,-1849.3281831958366
ID565,A,2334.049341287147,410.33481552509573,4950.473946235961
ID566,C,2428.168066886798,390.63009026746903,-2037.537976619329
ID567,C,2544.2530958356133,401.4545267165011,-2142.798569119112
ID568,B,2403.161395087375,387.1038414527772,4806.32279017475
ID569,C,2578.5376032261775,378.3921286833161,-2200.1454745428614
ID570,C,2810.08398940048,378.49821814993294,-2431.5857712505467
ID571,C,2460.374490783119,397.5562005623117,-2062.8182902208073
ID572,A,2453.6128368396476,409.54672413248926,5313.104889856497
ID573,C,2411.4045054269086,398.02689855092655,-2013.377606875982
ID574,C,2457.55562910072,383.5700718950152,-2073.985557205705
ID575,B,2610.2679181257777,411.53339604197237,5220.535836251555
ID576,A,2239.9935096553604,381.808087105448,4810.940093438841
ID577,B,2618.2879607062546,400.4199483460978,5236.575921412509
ID578,A,2403.0064923451732,399.1158002994985,5213.4404755380265
ID579,A,2520.036882747522,427.34354934746,5423.392901505267
ID580,C,2466.7794471844445,383.4040366714414,-2083.375410513003
ID581,C,2415.898947358953,388.2561177786892,-2027.6428295802639
ID582,A,2539.469007618,376.96013015538864,5733.606372077057
ID583,A,2357.641916093704,397.4423336174547,5085.7140801938385
ID584,A,2343.280969206726,376.8189553517678,5145.748130861339
ID585,B,2419.894677745638,374.3704748580442,4839.789355491276
ID586,A,2084.385809155454,400.3030276337159,4251.642289297783
ID587,A,2649.1209106222236,414.5489749012629,5874.6178573603565
ID588,C,2414.348403767854,401.85464401319007,-2012.493759754664
ID589,C,2266.4272699833223,398.2206111767973,-1868.206658806525
ID590,C,2712.1506408465502,411.3602651374282,-2300.790375709122
ID591,B,2544.2575369499996,397.3250182229841,5088.515073899999
ID592,B,2670.468338864035,391.8761564389442,5340.93667772807
ID593,A,2555.48328127478,416.8515910369998,5582.191888639341
ID594,A,2503.2558972525007,386.58087823230585,5576.863300595974
ID595,B,2470.8818504180963,394.04548920627445,4941.763700836193
ID596,C,2451.6335310525765,418.6485217707606,-2032.9850092818158
ID597,A,2705.5085834509855,415.7477371398823,6037.787064653545
ID598,C,2475.800414314311,392.99986981658134,-2082.80054449773
ID599,C,2641.3482303804562,383.40491126711174,-2257.9433191133444
ID600,A,2643.3934265681332,391.3644420973843,5973.358069217478
ID601,C,2707.389718793262,390.97969342024675,-2316.4100253730153
ID602,C,2367.273768191148,385.2599967787283,-1982.0137714124198
ID603,A,2313.5190944530386,396.94626797361497,4955.8259434910415
ID604,B,2491.0724865800757,366.96847036520256,4982.1449731601515
ID605,C,2428.756040390203,422.4779504181614,-2006.2780899720415
ID606,A,2604.1879527622305,389.5527563624735,5864.800076474324
ID607,C,2457.8225449096544,411.445355716694,-2046.3771891929605
ID608,B,2409.6224925184893,383.66701041978695,4819.2449850369785
ID609,C,2552.4931183271638,407.82505668819874,-2144.668061638965
ID610,B,2544.777288164761,406.7906416896155,5089.554576329522
ID611,C,2626.883577809656,405.52202499060047,-2221.3615528190553
ID612,A,2421.1904031301847,423.08145680415845,5148.163925369761
ID613,A,2604.9920404144805,373.8226987572781,5945.862627457051
ID614,B,2427.2043328826485,403.0660770779359,4854.408665765297
ID615,B,2445.6335584598737,393.50302986269423,4891.267116919747
ID616,B,2525.431997582554,418.7183942738518,5050.863995165108
ID617,B,2501.5717934278478,394.8553468293359,5003.1435868556955
ID618,B,2497.0307630580232,391.28783122545815,4994.0615261160465
ID619,C,2236.7351186156798,408.3781878970354,-1828.3569307186444
ID620,B,2610.649896531881,386.15017813628464,5221.299793063762
ID621,A,2554.0153500612882,388.94797128690254,5717.306193749351
ID622,A,2765.630470452885,407.7047533029482,6258.3676448439155
ID623,B,2690.790197434833,393.3917453436604,5381.580394869666
ID624,B,3001.622381256766,400.4102294060511,6003.244762513532
ID625,C,2669.266185663583,408.90857143191994,-2260.3576142316633
ID626,A,2399.85810961408,404.97568745683066,5174.695891558087
ID627,A,2648.607388127524,409.6169337657342,5897.7374955539
ID628,B,2384.634145058649,400.56554608197064,4769.268290117298
ID629,C,2670.8092338526912,394.44958037867895,-2276.3596534740122
ID630,C,2542.0422621134053,362.64199256954214,-2179.400269543863
ID631,C,2302.427488762571,367.2552531871039,-1935.1722355754673
ID632,B,2766.6319133924117,393.5935592926602,5533.263826784823
ID633,B,2647.1582083219287,435.5364203019926,5294.316416643857
ID634,C,2422.7469294295142,397.9820151206946,-2024.7649143088197
ID635,A,2503.3206099397953,396.4864796724736,5527.529431457017
ID636,B,2428.766609577698,391.1582403306527,4857.533219155396
ID637,C,2661.4162001514096,419.6745991413394,-2241.74160101007
ID638,C,2667.0132544304747,392.5503706144096,-2274.462883816065
ID639,B,2576.8557194756277,400.50455496151824,5153.711438951255
ID640,A,2619.344857293386,419.80898592790027,5758.989642240656
ID641,A,2589.9129698627203,390.4917694848767,5817.280062163777
ID642,A,2300.7986373342014,426.3870061572854,4770.460881216178
ID643,B,2480.8812101226467,413.887481877225,4961.7624202452935
ID644,A,2678.8776479920366,379.16446690173336,6140.810609467444
ID645,A,2366.290314887425,420.41918688199706,4996.775010252291
ID646,C,2731.225466365811,413.5860992114308,-2317.63936715438
ID647,C,2494.868438780355,387.5570007857587,-2107.3114379945964
ID648,A,2438.713130617116,391.6934937465873,5357.671923118411
ID649,B,2780.333248298179,411.5611286957671,5560.666496596358
ID650,B,2563.2129661558774,403.8658870811139,5126.425932311755
ID651,C,2102.1399221961524,408.0668148518729,-1694.0731073442794
ID652,C,2424.1523554756313,380.33053261960845,-2043.821822856023
ID653,A,2775.456412043,395.1365724201114,6350.6863740284425
ID654,B,2344.2431201927457,393.9123380018754,4688.486240385491
ID655,C,2331.9086708127475,401.1870389784855,-1930.721631834262
ID656,B,2594.2340650681476,397.77176145976443,5188.468130136295
ID657,A,2396.913160962001,374.661476053816,5317.432102616923
ID658,B,2590.3137810910093,410.1820183057934,5180.627562182019
ID659,C,2631.978531302568,409.0667288281161,-2222.911802474452
ID660,C,2481.7517076331533,425.8712502485454,-2055.880457384608
ID661,C,2618.2173605575535,371.0264105584693,-2247.1909499990843
ID662,C,2709.6059530800026,378.211333464134,-2331.3946196158686
ID663,C,2424.984692826565,384.1304008039077,-2040.8542920226573
ID664,A,2466.7439399201853,381.4509603117779,5492.977018201667
ID665,B,2708.667640879092,406.7537140688816,5417.335281758184
ID666,C,2564.6156255304663,421.06403443562016,-2143.551591094846
ID667,C,2677.1092395972632,395.80992431909385,-2281.299315278169
ID668,B,2399.1154612980436,392.87375502248517,4798.230922596087
ID669,C,2521.493052089683,399.0293032354919,-2122.4637488541907
ID670,A,2661.673039238001,386.4636644027329,6052.700795700338
ID671,C,2497.4745903125377,418.64728372008176,-2078.827306592456
ID672,A,2499.2925196442584,408.16773474157156,5457.038885224917
ID673,A,2523.8018568851876,419.94147900165217,5471.6981756473015
ID674,B,2659.508599882801,389.13875788435746,5319.017199765602
ID675,C,2679.8231739365983,413.1041395962497,-2266.7190343403486
ID676,C,2297.4171595693333,402.11641843984745,-1895.300741129486
ID677,B,2382.2833375958135,384.9190772203154,4764.566675191627
ID678,C,2533.768386075212,395.150456007826,-2138.617930067386
ID679,A,2442.46120856606,398.8924769959364,5332.921240718499
ID680,C,2607.783200734438,400.42871965056014,-2207.354481083878
ID681,A,2670.9034818325126,395.8123130138459,6033.648880428309
ID682,C,2623.0390549759036,374.9360308415124,-2248.103024134391
ID683,A,2199.8587967765925,391.1166704566551,4643.993038046502
ID684,A,2678.2071375113524,384.0280071003389,6114.481377032363
ID685,A,2328.822881883402,410.5520560177282,4933.708365561564
ID686,B,2469.4798915316974,414.6964637330922,4938.959783063395
ID687,B,2793.4557805731665,369.25517093679974,5586.911561146333
ID688,B,2664.668501622322,397.97596117058055,5329.337003244644
ID689,C,2667.197596775259,397.90850981445266,-2269.2890869608063
ID690,A,2810.7313636259273,388.6719207695327,6488.834487030118
ID691,A,2731.011271619657,414.19179932549866,6122.074818231477
ID692,B,2352.4593906237133,410.6164473037552,4704.9187812474265
ID693,C,2284.9114823167383,377.3942366627312,-1907.5172456540072
ID694,A,2489.330490194361,397.06444414028306,5482.669249881668
ID695,C,2742.0716114113893,405.723404079798,-2336.3482073315913
ID696,B,2473.5997556429943,373.284066776094,4947.199511285989
ID697,B,2445.3703589001075,382.58448265335636,4890.740717800215
ID698,C,2483.0711371266625,389.3086512115926,-2093.76248591507
ID699,A,2549.273758167463,406.5766248143483,5614.9381504306475
ID700,B,2720.425925133966,391.05349252353096,5440.851850267932
ID701,C,2793.889249792583,395.63576816645894,-2398.253481626124
ID702,B,2406.3590418056287,400.59075740104083,4812.7180836112575
ID703,A,2283.5499920222414,400.16190766055894,4849.84043776393
ID704,B,2549.1165118282493,398.9146882026438,5098.2330236564985
ID705,A,2563.3939500630668,385.5833179396756,5762.265260490822
ID706,B,2262.7891260841616,385.3474056882821,4525.578252168323
ID707,C,2322.94753869502,426.15034408788205,-1896.7971946071377
ID708,A,2452.3218785370973,404.65299386552533,5333.700666283665
ID709,C,2394.7522108500607,419.26815292757885,-1975.484057922482
ID710,A,2455.9664682607163,394.7332589151879,5394.233110206209
ID711,A,2809.4254298583255,407.35246974796786,6391.513940835137
ID712,B,2606.1055271083287,419.7767643259983,5212.211054216657
ID713,C,2652.2828047630815,386.24015625598093,-2266.0426485071007
ID714,B,2573.422513183153,389.3420022495117,5146.845026366306
ID715,B,2407.5665655275043,409.6298763588399,4815.133131055009
ID716,A,2376.6905123779907,381.66515775034804,5221.745748382232
ID717,B,2562.833570262144,406.23581898681977,5125.667140524288
ID718,C,2656.861229569595,414.6106103770131,-2242.250619192582
ID719,C,2592.4362407925673,395.70174208459014,-2196.7344987079773
ID720,B,2592.7280002944694,402.3306325496218,5185.456000588939
ID721,A,2375.623866288952,412.9125124579241,5062.309036577235
ID722,B,2597.201996123932,398.2748232558077,5194.403992247864
ID723,C,2439.464177277005,412.7129804802949,-2026.7511967967102
ID724,B,2921.175891187398,426.77458453220885,5842.351782374796
ID725,A,2468.5869186458613,381.24964190425226,5499.512546416323
ID726,A,2621.788852106038,405.09310500277,5839.9010313042645
ID727,C,2666.926449380129,404.06492081468366,-2262.861528565445
ID728,A,2519.9078516852715,415.41689206699584,5482.639094720835
ID729,B,2462.314505349337,397.69194185572445,4924.629010698674
ID730,B,2273.8268098281374,392.0251766479888,4547.653619656275
ID731,B,2325.710163284565,408.3544412086626,4651.42032656913
ID732,C,2451.130530870841,395.51411726106704,-2055.616413609774
ID733,C,2432.458346569185,383.87570931528995,-2048.582637253895
ID734,B,2782.159755098325,378.48201845612283,5564.31951019665
ID735,C,2283.798049306304,412.6388502784136,-1871.1591990278905
ID736,C,2654.736535973547,397.29448495314745,-2257.4420510203995
ID737,C,2817.4341995359036,405.85899237793365,-2411.57520715797
ID738,C,2214.068047673494,416.80148187612076,-1797.2665657973735
ID739,C,2496.0090991967945,394.9324076606483,-2101.0766915361464
ID740,B,2429.0874944672764,405.0333515540022,4858.174988934553
ID741,B,2534.5644549642006,399.63787641289,5069.128909928401
ID742,C,2407.9267091843903,389.0320008054572,-2018.894708378933
ID743,B,2687.8460025096438,391.9970239669662,5375.6920050192875
ID744,A,2190.8275765724165,402.683814591178,4559.06365676136
ID745,B,2492.486408376717,415.25115888694177,4984.972816753434
ID746,C,2733.258169814118,404.72251222187685,-2328.535657592241
ID747,C,2305.813961030105,388.5980603213992,-1917.2159007087057
ID748,C,2753.8014223219957,388.57829168047505,-2365.2231306415206
ID749,C,2398.546875163851,415.9207561130553,-1982.6261190507958
ID750,A,2550.1022034188127,401.8595197459784,5641.009011526547
ID751,B,2527.753000947063,405.7764357987548,5055.506001894126
ID752,C,2418.321722642074,406.8077754753203,-2011.5139471667535
ID753,B,2665.212847676995,414.9329573555336,5330.42569535399
ID754,B,2502.268481473794,428.5737253371008,5004.536962947588
ID755,A,2385.5047940601576,380.69336813814334,5253.0475414897555
ID756,B,2390.035060763536,380.5352451643067,4780.070121527072
ID757,B,2445.9875959473443,412.50206979628405,4891.975191894689
ID758,B,2380.286745060826,401.11427252717914,4760.573490121652
ID759,C,2567.6397150845405,406.2447291800207,-2161.3949859045197
ID760,B,2521.3813607331826,409.4423711420012,5042.762721466365
ID761,B,2432.6703201752907,392.9013219746844,4865.340640350581
ID762,A,2589.0208095317726,403.7163566851351,5748.480645169642
ID763,A,2508.9410795601184,419.53221767859,5429.162150287406
ID764,A,2541.8218006806196,396.6589263581355,5642.170770251181
ID765,C,2590.939994777295,392.82181058261284,-2198.1181841946823
ID766,A,2550.0710768891045,399.7716832159841,5651.354814587394
ID767,A,2704.9938485328476,406.76584598999744,6081.1523156485555
ID768,A,2448.229472065631,409.5924245494958,5296.726293449414
ID769,B,2633.533571393581,407.2755689450535,5267.067142787162
ID770,C,2191.373818641961,391.57791390472363,-1799.7959047372374
ID771,B,2634.647714290414,404.00974010809125,5269.295428580828
ID772,A,2693.4035811473864,390.93060415800034,6125.557722652158
ID773,A,2498.4656076873,397.95148081091565,5505.639419007321
ID774,B,2495.577451688971,415.05096870175424,4991.154903377942
ID775,C,2436.334244029156,380.8412617179109,-2055.4929823112448
ID776,C,2604.8253768905947,383.78134904938355,-2221.044027841211
ID777,B,2379.940336523576,380.6474629667454,4759.880673047152
ID778,A,2408.865082662836,409.15765135537004,5180.806991211657
ID779,A,2306.104436832741,421.06885723652897,4812.969024315578
ID780,A,2364.6949265625803,376.4800489159355,5211.684535108063
ID781,C,2417.2326702285613,401.7146481334753,-2015.518022095086
ID782,B,2441.1726000941912,384.7607438410303,4882.3452001883825
ID783,C,2451.251930760889,404.78003045632056,-2046.4719003045684
ID784,B,2584.2362756019616,389.4638746282851,5168.472551203923
ID785,A,2460.479072070691,407.7402846786389,5342.735792818878
ID786,A,2415.46536877923,372.6104213103728,5383.343999785826
ID787,C,2315.7011460059566,409.67242908066214,-1906.0287169252945
ID788,B,2367.8517403060514,403.0980546898456,4735.703480612103
ID789,B,2481.674988477251,430.35254573324664,4963.349976954502
ID790,C,2620.110610485634,409.1978946263332,-2210.912715859301
ID791,C,2240.71074934013,430.05676148673143,-1810.6539878533986
ID792,B,2233.22508234444,402.4782447335091,4466.45016468888
ID793,A,2670.207292908053,361.298315346111,6204.130301993605
ID794,A,2707.6311126355963,377.0074977265757,6237.85584927391
ID795,B,2373.1970200458786,398.60037982398643,4746.394040091757
ID796,B,2459.9647471022927,409.3718840096242,4919.929494204585
ID797,C,2482.4246587442403,389.8113912644154,-2092.613267479825
ID798,A,2468.557201605545,425.48752187617475,5278.233995435761
ID799,B,2595.635720362633,415.74938202483486,5191.271440725266
ID800,A,2470.988725989803,414.08294150259985,5342.551470456409
